time,cpu0,cpu1,cpu2,cpu3,mcpu,mem,qps,jobs0,jobs1,jobs2,jobs3
2024-05-17T10:16:25.310071,43.7,72.2,86.4,81.1,59.9,3.3,39427.414475390346,,radix,blackscholes,vips
2024-05-17T10:16:26.422352,46.3,100.0,100.0,99.1,55.9,3.6,34968.28842780622,,radix,blackscholes,vips
2024-05-17T10:16:27.436166,47.4,100.0,100.0,100.0,55.9,4.0,34957.8951459127,,radix,blackscholes,vips
2024-05-17T10:16:28.450442,53.8,100.0,100.0,100.0,55.9,4.3,35211.80867059554,,radix,blackscholes,vips
2024-05-17T10:16:29.476111,46.7,100.0,100.0,100.0,55.9,4.6,35014.36352714628,,radix,blackscholes,vips
2024-05-17T10:16:30.490233,44.4,100.0,100.0,100.0,55.9,4.9,35212.37046792275,,radix,blackscholes,vips
2024-05-17T10:16:31.504224,42.5,100.0,100.0,100.0,55.9,5.1,34905.44873448326,,radix,blackscholes,vips
2024-05-17T10:16:32.517173,50.0,100.0,100.0,100.0,56.0,5.4,35044.55328843221,,radix,blackscholes,vips
2024-05-17T10:16:33.531270,50.6,100.0,100.0,100.0,55.9,5.7,35246.67462549121,,radix,blackscholes,vips
2024-05-17T10:16:34.544844,50.0,100.0,100.0,100.0,59.9,6.1,35746.136011464376,,radix,blackscholes,vips
2024-05-17T10:16:35.559474,62.7,100.0,100.0,100.0,59.9,6.4,36685.42387289468,,radix,blackscholes,vips
2024-05-17T10:16:36.792983,55.2,100.0,100.0,100.0,60.0,6.6,37008.16555241219,,radix,blackscholes,vips
2024-05-17T10:16:37.806902,56.1,100.0,100.0,100.0,59.9,6.9,37026.29419167322,,radix,blackscholes,vips
2024-05-17T10:16:38.820773,59.5,100.0,100.0,100.0,59.9,7.3,37460.61578392147,,radix,blackscholes,vips
2024-05-17T10:16:39.835903,59.5,100.0,100.0,100.0,59.9,8.3,37048.85783428232,,radix,blackscholes,vips
2024-05-17T10:16:40.853543,54.4,100.0,100.0,100.0,59.9,8.5,37128.738880016586,,radix,blackscholes,vips
2024-05-17T10:16:41.866916,60.2,100.0,100.0,100.0,60.0,8.7,36762.46770948256,,radix,blackscholes,vips
2024-05-17T10:16:42.880142,50.7,100.0,100.0,100.0,55.9,9.0,37294.174283693064,,radix,blackscholes,vips
2024-05-17T10:16:43.893474,52.6,100.0,100.0,100.0,60.0,9.1,36959.71432135621,,radix,blackscholes,vips
2024-05-17T10:16:44.907054,89.2,100.0,100.0,100.0,115.8,9.2,58844.659234976374,,radix,blackscholes,vips
2024-05-17T10:16:49.073055,88.1,90.7,100.0,100.0,159.8,9.3,93514.94979501849,,,blackscholes,vips
2024-05-17T10:16:50.088965,84.4,87.5,100.0,100.0,163.8,9.3,89538.12294741822,,,blackscholes,vips
2024-05-17T10:16:51.104453,87.1,87.8,100.0,100.0,167.8,9.3,88224.22121499754,,,blackscholes,vips
2024-05-17T10:16:52.122318,87.8,88.1,100.0,100.0,171.7,9.2,90128.2685644521,,,blackscholes,vips
2024-05-17T10:16:53.137087,82.7,85.4,100.0,100.0,163.8,9.3,89244.9269296785,,,blackscholes,vips
2024-05-17T10:16:54.154748,83.8,86.0,100.0,100.0,175.8,9.2,89412.96587747967,,,blackscholes,vips
2024-05-17T10:16:55.172205,64.0,65.2,100.0,100.0,123.9,9.3,72025.35312541723,,,blackscholes,vips
2024-05-17T10:16:56.188401,67.8,67.8,100.0,100.0,131.9,9.3,71010.45198982455,,,blackscholes,vips
2024-05-17T10:16:57.204786,63.3,64.3,100.0,100.0,123.9,9.3,71288.32456300274,,,blackscholes,vips
2024-05-17T10:16:58.221183,68.2,71.3,100.0,100.0,135.8,9.2,70887.39773294714,,,blackscholes,vips
2024-05-17T10:16:59.237350,68.1,65.9,100.0,100.0,131.9,9.3,71331.26215736735,,,blackscholes,vips
2024-05-17T10:17:00.254247,65.2,66.3,100.0,100.0,127.8,9.2,71762.63424863497,,,blackscholes,vips
2024-05-17T10:17:01.271038,63.2,65.1,100.0,100.0,123.8,9.3,71245.79863934164,,,blackscholes,vips
2024-05-17T10:17:02.288677,65.9,67.1,100.0,100.0,127.9,9.2,71695.00129909479,,,blackscholes,vips
2024-05-17T10:17:03.304700,64.0,63.5,100.0,100.0,127.8,9.3,71295.38781289884,,,blackscholes,vips
2024-05-17T10:17:04.323075,57.0,51.9,100.0,100.0,123.8,9.2,66333.27932961976,,,blackscholes,vips
2024-05-17T10:17:05.336788,9.1,11.8,100.0,100.0,67.9,9.3,38269.83853306784,,,blackscholes,vips
2024-05-17T10:17:06.454941,57.6,99.1,100.0,100.0,59.9,9.4,38449.85389607307,,radix,blackscholes,vips
2024-05-17T10:17:07.469553,55.4,100.0,100.0,100.0,59.9,9.7,38142.84289025267,,radix,blackscholes,vips
2024-05-17T10:17:08.482686,51.9,100.0,100.0,100.0,59.9,9.9,38177.13495810237,,radix,blackscholes,vips
2024-05-17T10:17:09.496145,56.8,100.0,100.0,100.0,59.9,10.2,38275.70850249453,,radix,blackscholes,vips
2024-05-17T10:17:10.510280,57.3,100.0,100.0,100.0,63.9,10.4,37780.85217239128,,radix,blackscholes,vips
2024-05-17T10:17:11.523875,60.9,100.0,100.0,100.0,63.9,10.6,38323.55672814659,,radix,blackscholes,vips
2024-05-17T10:17:12.537229,57.5,100.0,100.0,100.0,59.9,10.7,38296.48207552428,,radix,blackscholes,vips
2024-05-17T10:17:13.551751,64.0,100.0,100.0,100.0,63.9,10.9,38154.160826650055,,radix,blackscholes,vips
2024-05-17T10:17:14.565178,73.9,100.0,100.0,100.0,76.0,11.2,43299.42367145507,,radix,blackscholes,vips
2024-05-17T10:17:15.579383,81.8,100.0,100.0,100.0,80.0,11.4,51020.011041147714,,radix,blackscholes,vips
2024-05-17T10:17:16.685964,33.3,37.0,100.0,100.0,87.9,11.4,51040.44044256856,,,blackscholes,vips
2024-05-17T10:17:17.701449,31.0,27.3,100.0,100.0,95.8,11.3,51144.05526488697,,,blackscholes,vips
2024-05-17T10:17:18.717201,29.2,33.3,100.0,100.0,91.9,11.3,51231.452516641075,,,blackscholes,vips
2024-05-17T10:17:19.733218,23.1,25.0,100.0,100.0,91.9,11.3,51147.24146844152,,,blackscholes,vips
2024-05-17T10:17:20.749821,31.0,29.9,100.0,100.0,95.9,11.4,51082.95742246441,,,blackscholes,vips
2024-05-17T10:17:21.765845,32.4,34.2,100.0,100.0,87.9,11.4,51037.99931127165,,,blackscholes,vips
2024-05-17T10:17:22.782265,31.4,25.4,100.0,100.0,95.9,11.4,51106.0347828035,,,blackscholes,vips
2024-05-17T10:17:23.799130,38.7,39.7,100.0,100.0,99.8,11.3,51516.51456257836,,,blackscholes,vips
2024-05-17T10:17:24.814758,39.2,39.4,100.0,100.0,103.9,11.3,55484.958899768215,,,blackscholes,vips
2024-05-17T10:17:25.830874,41.9,46.2,100.0,100.0,103.9,11.4,58866.35040661398,,,blackscholes,vips
2024-05-17T10:17:26.845657,42.7,48.1,100.0,100.0,107.8,11.3,58873.0923862252,,,blackscholes,vips
2024-05-17T10:17:27.864139,49.4,47.3,100.0,100.0,111.8,11.3,58268.68430899261,,,blackscholes,vips
2024-05-17T10:17:28.879973,46.8,47.4,100.0,100.0,103.8,11.3,59060.50970047184,,,blackscholes,vips
2024-05-17T10:17:29.895719,40.3,43.2,100.0,100.0,103.9,11.4,58983.278599866346,,,blackscholes,vips
2024-05-17T10:17:30.911965,45.3,51.3,100.0,100.0,107.9,11.4,59005.820126957195,,,blackscholes,vips
2024-05-17T10:17:31.928799,39.7,44.0,100.0,100.0,103.9,11.3,58790.86098009005,,,blackscholes,vips
2024-05-17T10:17:32.945173,53.8,57.6,100.0,100.0,111.9,11.3,59140.4692273232,,,blackscholes,vips
2024-05-17T10:17:33.961204,44.9,42.3,100.0,100.0,107.9,11.3,59029.27560161982,,,blackscholes,vips
2024-05-17T10:17:34.977768,59.3,61.2,100.0,100.0,123.8,11.4,66511.78474828711,,,blackscholes,vips
2024-05-17T10:17:35.995346,64.0,66.7,100.0,100.0,131.8,11.3,68975.5318425962,,,blackscholes,vips
2024-05-17T10:17:37.011623,63.6,65.2,100.0,100.0,131.8,11.3,68685.38774785523,,,blackscholes,vips
2024-05-17T10:17:38.030634,62.1,64.0,100.0,100.0,123.8,11.3,68840.17697263087,,,blackscholes,vips
2024-05-17T10:17:39.048363,63.2,64.0,100.0,100.0,123.8,11.4,68850.59506862819,,,blackscholes,vips
2024-05-17T10:17:40.065275,68.9,71.4,100.0,100.0,131.9,11.3,69119.26805384592,,,blackscholes,vips
2024-05-17T10:17:41.082006,60.9,64.8,100.0,100.0,127.8,11.3,69063.10569653256,,,blackscholes,vips
2024-05-17T10:17:42.112807,63.6,63.2,100.0,100.0,123.8,11.4,68774.07614454915,,,blackscholes,vips
2024-05-17T10:17:43.129874,62.1,67.4,100.0,100.0,127.8,11.3,69068.42816617718,,,blackscholes,vips
2024-05-17T10:17:44.147674,56.5,60.9,100.0,100.0,119.8,11.4,68297.36726259544,,,blackscholes,vips
2024-05-17T10:17:45.164604,28.4,20.6,100.0,100.0,83.9,11.4,47639.960767528384,,,blackscholes,vips
2024-05-17T10:17:46.281565,75.5,98.2,100.0,100.0,71.9,11.6,46995.329381266245,,radix,blackscholes,vips
2024-05-17T10:17:47.293591,78.6,100.0,100.0,100.0,71.9,12.7,46897.980575219844,,radix,blackscholes,vips
2024-05-17T10:17:48.306958,79.6,100.0,100.0,100.0,75.9,14.5,46584.00490769693,,radix,blackscholes,vips
2024-05-17T10:17:49.321729,73.4,100.0,100.0,100.0,72.0,16.2,46303.29123509053,,radix,blackscholes,vips
2024-05-17T10:17:50.335764,78.9,100.0,100.0,100.0,75.9,17.9,47201.447655467564,,radix,blackscholes,vips
2024-05-17T10:17:51.349520,79.8,100.0,100.0,100.0,75.9,18.0,46842.06453959914,,radix,blackscholes,vips
2024-05-17T10:17:52.363164,74.2,100.0,100.0,100.0,71.9,18.0,46807.02096067572,,radix,blackscholes,vips
2024-05-17T10:17:53.375807,74.4,100.0,100.0,100.0,76.0,17.9,46947.62684200931,,radix,blackscholes,vips
2024-05-17T10:17:54.390332,82.5,100.0,100.0,100.0,91.9,13.4,50590.066920427154,,radix,blackscholes,vips
2024-05-17T10:17:55.834828,81.2,83.1,100.0,100.0,151.8,5.2,75999.81197949171,,,blackscholes,vips
2024-05-17T10:17:56.853100,67.1,68.6,100.0,100.0,131.9,5.2,74833.84787170212,,,blackscholes,vips
2024-05-17T10:17:57.870173,67.0,70.5,100.0,100.0,131.8,5.1,74975.00160503002,,,blackscholes,vips
2024-05-17T10:17:58.887178,71.3,71.8,100.0,100.0,143.8,5.2,74952.63154379243,,,blackscholes,vips
2024-05-17T10:17:59.903813,68.1,68.6,100.0,100.0,131.9,5.2,75211.58023480157,,,blackscholes,vips
2024-05-17T10:18:00.920062,70.3,68.2,100.0,100.0,131.8,5.2,74728.53387129672,,,blackscholes,vips
2024-05-17T10:18:01.938033,75.8,72.8,100.0,100.0,147.8,5.1,75356.52533484291,,,blackscholes,vips
2024-05-17T10:18:02.957156,72.5,68.6,100.0,100.0,143.8,5.2,74718.82070521443,,,blackscholes,vips
2024-05-17T10:18:03.973702,70.3,65.5,100.0,100.0,135.8,5.2,75261.37827709486,,,blackscholes,vips
2024-05-17T10:18:04.989443,69.7,67.0,100.0,100.0,139.8,5.1,72382.97275148591,,,blackscholes,vips
2024-05-17T10:18:06.005788,70.3,62.8,100.0,100.0,127.8,5.2,72098.21923353306,,,blackscholes,vips
2024-05-17T10:18:07.021673,67.4,63.3,100.0,100.0,135.8,5.2,71554.37968066036,,,blackscholes,vips
2024-05-17T10:18:08.039422,73.1,66.7,88.9,100.0,135.8,3.3,71687.16087500071,,,,vips
2024-05-17T10:18:12.430564,62.0,53.4,66.5,100.0,131.8,3.6,71689.57722708066,,,canneal,vips
2024-05-17T10:18:13.448240,68.8,64.8,100.0,100.0,131.8,4.1,72060.59723346157,,,canneal,vips
2024-05-17T10:18:14.463181,60.9,54.1,100.0,100.0,131.9,4.2,63345.56648325293,,,canneal,vips
2024-05-17T10:18:15.477951,21.4,14.1,100.0,100.0,83.9,4.4,41881.704767339885,,,canneal,vips
2024-05-17T10:18:16.602499,47.6,41.7,100.0,100.0,79.9,4.5,41767.926395943636,,,canneal,vips
2024-05-17T10:18:18.155432,23.9,20.0,100.0,100.0,79.9,4.7,41834.207419740145,,,canneal,canneal|vips
2024-05-17T10:18:19.171887,21.4,22.5,100.0,95.9,79.9,4.7,42064.82779171407,,,canneal,canneal
2024-05-17T10:18:20.653805,31.7,91.4,42.3,94.6,75.9,4.7,41873.31946497455,,dedup,canneal,canneal
2024-05-17T10:18:21.670405,16.2,100.0,17.1,100.0,75.9,4.8,41688.12335844767,,dedup,canneal,canneal
2024-05-17T10:18:22.690028,7.9,100.0,14.7,100.0,79.9,7.4,41487.7272781804,,dedup,canneal,canneal
2024-05-17T10:18:23.707227,17.4,100.0,16.2,100.0,83.9,8.5,42321.50361673892,,dedup,canneal,canneal
2024-05-17T10:18:24.724522,41.0,100.0,42.0,100.0,115.8,9.3,53679.136321732585,,dedup,canneal,canneal
2024-05-17T10:18:25.806895,42.6,43.6,43.0,100.0,111.9,9.3,62909.89752958238,,,canneal,canneal
2024-05-17T10:18:26.823936,46.6,38.7,37.6,100.0,123.8,9.4,62876.896751158274,,,canneal,canneal
2024-05-17T10:18:27.841614,37.8,43.2,35.2,100.0,115.8,9.4,62825.25785289782,,,canneal,canneal
2024-05-17T10:18:28.859430,28.7,47.6,42.0,100.0,115.9,9.5,62956.651864775755,,,canneal,canneal
2024-05-17T10:18:29.876602,23.6,44.7,35.1,100.0,115.8,9.5,62654.107277351424,,,canneal,canneal
2024-05-17T10:18:30.896791,39.1,38.6,37.3,100.0,119.8,9.5,62463.38594226851,,,canneal,canneal
2024-05-17T10:18:31.913547,48.4,40.0,44.0,100.0,119.9,9.6,62709.495168560825,,,canneal,canneal
2024-05-17T10:18:32.930876,27.5,47.0,41.7,100.0,119.8,9.6,62489.51833974652,,,canneal,canneal
2024-05-17T10:18:33.947559,38.3,40.2,38.2,100.0,115.8,9.7,62813.06899337784,,,canneal,canneal
2024-05-17T10:18:34.964717,69.4,68.8,51.0,100.0,175.8,9.7,88483.63690998868,,,canneal,canneal
2024-05-17T10:18:35.984243,83.3,87.4,42.9,100.0,187.7,9.7,95343.96308721488,,,canneal,canneal
2024-05-17T10:18:37.004936,86.0,44.1,80.6,100.0,179.7,9.7,95510.31954718912,,,canneal,canneal
2024-05-17T10:18:38.026302,57.7,87.1,66.3,100.0,183.7,9.8,95308.26342604496,,,canneal,canneal
2024-05-17T10:18:39.045658,71.3,62.4,73.3,100.0,179.6,9.8,95370.76001748229,,,canneal,canneal
2024-05-17T10:18:40.065142,58.7,81.0,72.7,100.0,187.6,9.8,95481.85807193867,,,canneal,canneal
2024-05-17T10:18:41.083320,60.8,79.6,73.3,100.0,183.7,9.8,95210.93601722021,,,canneal,canneal
2024-05-17T10:18:42.104412,72.0,66.7,68.6,100.0,179.7,9.9,95677.64148741978,,,canneal,canneal
2024-05-17T10:18:43.125220,69.0,68.6,65.3,100.0,175.7,9.9,95602.95632882333,,,canneal,canneal
2024-05-17T10:18:44.145966,67.3,84.7,55.8,100.0,175.7,9.9,95336.39947150298,,,canneal,canneal
2024-05-17T10:18:45.163945,45.7,51.1,41.1,100.0,131.7,10.0,68039.46688597687,,,canneal,canneal
2024-05-17T10:18:46.180832,43.2,50.5,48.4,100.0,131.8,10.0,67784.12642803827,,,canneal,canneal
2024-05-17T10:18:47.197951,46.0,46.0,35.2,100.0,123.8,10.0,67360.84184544624,,,canneal,canneal
2024-05-17T10:18:48.216201,53.5,42.4,37.4,100.0,123.8,10.1,67399.6004316244,,,canneal,canneal
2024-05-17T10:18:49.234599,35.9,51.8,36.3,100.0,119.8,10.1,66903.29354258788,,,canneal,canneal
2024-05-17T10:18:50.252793,35.6,51.2,44.1,100.0,123.8,10.1,67675.47306382692,,,canneal,canneal
2024-05-17T10:18:51.270437,40.2,52.3,41.3,100.0,123.8,10.1,67655.70307846587,,,canneal,canneal
2024-05-17T10:18:52.290450,42.9,52.7,41.3,100.0,127.8,10.2,67310.9559475011,,,canneal,canneal
2024-05-17T10:18:53.306454,45.6,36.5,51.6,100.0,123.8,10.2,67102.17032671552,,,canneal,canneal
2024-05-17T10:18:54.324056,38.1,38.0,40.0,100.0,127.9,10.3,63866.23455285938,,,canneal,canneal
2024-05-17T10:18:55.339025,9.5,5.3,8.0,100.0,75.9,10.3,42061.862780217816,,,canneal,canneal
2024-05-17T10:18:56.420395,17.1,98.1,22.1,100.0,79.9,10.3,42136.76407841461,,dedup,canneal,canneal
2024-05-17T10:18:57.435988,19.4,100.0,16.9,100.0,79.9,10.4,42067.88358604697,,dedup,canneal,canneal
2024-05-17T10:18:58.451771,31.6,100.0,48.7,94.0,76.0,10.5,42258.05267606423,,dedup,canneal,canneal
2024-05-17T10:18:59.464758,53.7,100.0,92.8,82.3,75.9,10.7,42106.462083131766,,dedup,canneal,canneal
2024-05-17T10:19:00.479507,53.0,100.0,94.0,83.8,75.9,10.7,42074.1119589295,,dedup,canneal,canneal
2024-05-17T10:19:01.494480,53.0,100.0,95.9,82.6,71.9,10.7,41993.93897967447,,dedup,canneal,canneal
2024-05-17T10:19:02.509176,50.0,100.0,93.1,81.3,75.9,10.6,42311.10444465344,,dedup,canneal,canneal
2024-05-17T10:19:03.525011,47.4,100.0,92.9,81.9,72.0,10.2,42192.073441887376,,dedup,canneal,canneal
2024-05-17T10:19:04.540524,44.3,100.0,90.6,83.0,71.9,10.2,39715.83231367734,,dedup,canneal,canneal
2024-05-17T10:19:05.555220,31.1,100.0,92.0,82.3,64.0,10.2,34289.311975145334,,dedup,canneal,canneal
2024-05-17T10:19:06.571135,33.3,100.0,84.4,86.6,63.9,10.3,34501.24197217725,,dedup,canneal,canneal
2024-05-17T10:19:07.585480,36.5,100.0,93.9,83.8,67.9,9.8,34422.32518528271,,dedup,canneal,canneal
2024-05-17T10:19:08.599337,37.7,100.0,90.8,81.3,63.9,9.9,34347.879145868115,,dedup,canneal,canneal
2024-05-17T10:19:09.615839,38.4,100.0,92.9,78.9,63.9,9.9,34201.39418417577,,dedup,canneal,canneal
2024-05-17T10:19:10.631473,32.9,100.0,94.9,79.8,63.9,9.8,34346.16124087728,,dedup,canneal,canneal
2024-05-17T10:19:11.648386,37.3,100.0,91.9,81.2,64.0,9.4,34475.37218655196,,dedup,canneal,canneal
2024-05-17T10:19:12.663836,31.6,100.0,97.0,78.3,63.9,9.4,34626.37415488123,,dedup,canneal,canneal
2024-05-17T10:19:13.678573,34.2,100.0,92.0,78.1,59.9,9.5,34336.019167099475,,dedup,canneal,canneal
2024-05-17T10:19:14.695313,23.0,100.0,93.1,78.5,59.9,9.5,29382.144635124292,,dedup,canneal,canneal
2024-05-17T10:19:15.709838,10.4,100.0,97.0,71.9,43.9,9.1,24176.660810139078,,dedup,canneal,canneal
2024-05-17T10:19:16.775230,16.4,100.0,95.2,75.8,43.9,9.1,24807.985866076484,,dedup,canneal,canneal
2024-05-17T10:19:17.788948,9.0,100.0,97.0,72.6,43.9,9.2,24335.20803060082,,dedup,canneal,canneal
2024-05-17T10:19:18.802650,10.1,100.0,97.0,70.5,44.0,9.3,24584.35088007683,,dedup,canneal,canneal
2024-05-17T10:19:19.817524,7.5,100.0,96.1,73.7,43.9,9.0,24426.33426881732,,dedup,canneal,canneal
2024-05-17T10:19:20.832320,10.1,100.0,91.9,73.9,43.9,8.5,24296.672282575066,,dedup,canneal,canneal
2024-05-17T10:19:21.846568,17.8,88.7,91.1,81.6,47.9,6.1,24510.718704105195,,,canneal,canneal
2024-05-17T10:19:27.524182,9.0,27.4,88.5,80.9,28.0,6.1,19254.021611420885,,canneal,canneal,canneal
2024-05-17T10:19:28.537540,6.4,98.0,93.0,99.0,28.0,6.2,15414.802267987303,,canneal,canneal,canneal
2024-05-17T10:19:29.551176,3.9,99.0,93.1,99.0,28.0,6.2,15209.75993245968,,canneal,canneal,canneal
2024-05-17T10:19:30.564861,17.2,98.0,90.9,100.0,28.0,6.2,15438.06934940946,,canneal,canneal,canneal
2024-05-17T10:19:31.579769,8.7,99.0,94.9,98.0,32.0,6.2,15395.859317860088,,canneal,canneal,canneal
2024-05-17T10:19:32.596109,6.5,98.1,94.1,99.0,28.0,6.1,15557.33266711175,,canneal,canneal,canneal
2024-05-17T10:19:33.609783,11.1,98.0,93.1,99.0,28.0,6.2,15607.358271061476,,canneal,canneal,canneal
2024-05-17T10:19:34.623836,44.0,97.1,94.1,96.1,111.9,6.1,37090.088556734336,,canneal,canneal,canneal
2024-05-17T10:19:35.674940,91.3,94.3,97.1,95.3,115.8,6.1,65674.17522653584,,canneal,canneal,canneal
2024-05-17T10:19:36.723403,59.1,55.2,84.0,89.4,119.8,6.1,65348.38180062086,,,canneal,canneal
2024-05-17T10:19:37.739044,58.4,53.1,90.1,85.3,119.8,6.1,65385.61851436783,,,canneal,canneal
2024-05-17T10:19:38.757394,58.9,52.9,83.2,88.9,119.9,6.1,65223.13007798647,,,canneal,canneal
2024-05-17T10:19:39.775256,57.1,54.1,89.0,82.3,119.8,6.1,65547.57669574495,,,canneal,canneal
2024-05-17T10:19:40.793056,54.9,54.7,92.0,80.8,119.8,6.1,65386.132170082186,,,canneal,canneal
2024-05-17T10:19:41.809558,57.5,50.6,86.0,88.8,119.8,6.1,65328.537805378684,,,canneal,canneal
2024-05-17T10:19:42.825796,53.4,53.1,85.0,89.0,119.8,6.1,65446.74408331046,,,canneal,canneal
2024-05-17T10:19:43.842185,57.0,53.0,93.1,79.0,119.8,6.1,65483.96322944245,,,canneal,canneal
2024-05-17T10:19:44.859654,75.0,72.3,90.0,89.9,155.8,6.1,78617.79948225878,,,canneal,canneal
2024-05-17T10:19:45.878279,83.7,79.6,87.3,92.2,159.8,6.1,85110.50619541193,,,canneal,canneal
2024-05-17T10:19:46.896737,83.7,81.4,86.0,91.1,171.7,6.1,85433.83597734809,,,canneal,canneal
2024-05-17T10:19:47.915967,82.8,81.4,90.1,91.9,167.8,6.1,85476.0477362422,,,canneal,canneal
2024-05-17T10:19:48.933525,80.8,73.7,88.1,87.8,155.7,6.1,84818.65146831353,,,canneal,canneal
2024-05-17T10:19:49.951573,81.6,77.9,89.3,84.3,155.8,6.1,85158.245236618,,,canneal,canneal
2024-05-17T10:19:50.970306,86.9,83.2,92.1,91.9,167.7,6.1,85013.3440167364,,,canneal,canneal
2024-05-17T10:19:51.989816,86.3,81.2,92.1,88.1,167.7,6.1,85449.40716815616,,,canneal,canneal
2024-05-17T10:19:53.005820,82.7,78.4,92.1,90.3,163.7,6.1,85560.81382579624,,,canneal,canneal
2024-05-17T10:19:54.023231,81.4,79.2,89.2,89.7,163.7,6.1,85286.54235997242,,,canneal,canneal
2024-05-17T10:19:55.042693,82.7,78.9,88.3,86.1,159.7,6.1,87693.21677890889,,,canneal,canneal
2024-05-17T10:19:56.061963,85.3,82.4,87.0,92.0,171.7,6.0,88058.97409992694,,,canneal,canneal
2024-05-17T10:19:57.078398,85.9,80.8,91.1,89.0,175.7,6.1,87575.46352533663,,,canneal,canneal
2024-05-17T10:19:58.094719,83.8,79.6,88.0,88.0,159.8,6.1,87849.17655167189,,,canneal,canneal
2024-05-17T10:19:59.113989,82.2,81.2,86.3,88.2,159.8,6.2,87541.71130137505,,,canneal,canneal
2024-05-17T10:20:00.133224,83.2,79.0,90.3,86.1,159.8,6.0,88088.42891688664,,,canneal,canneal
2024-05-17T10:20:01.152512,83.2,80.0,87.1,89.2,159.7,6.1,87543.08380248035,,,canneal,canneal
2024-05-17T10:20:02.168950,83.7,80.4,86.9,91.9,163.9,6.1,87827.2005206488,,,canneal,canneal
2024-05-17T10:20:03.187594,89.3,85.3,89.1,91.3,171.8,6.1,88251.56668043212,,,canneal,canneal
2024-05-17T10:20:04.203346,83.0,76.6,86.9,90.0,163.8,6.1,85772.60345580733,,,canneal,canneal
2024-05-17T10:20:05.216411,1.3,3.8,84.8,75.5,47.9,6.1,24141.889998715837,,,canneal,canneal
2024-05-17T10:20:06.256073,12.9,96.1,96.1,98.1,39.9,6.1,23878.40822602699,,canneal,canneal,canneal
2024-05-17T10:20:07.268736,13.0,98.0,96.0,99.0,43.9,6.1,23972.686823972068,,canneal,canneal,canneal
2024-05-17T10:20:08.283755,11.9,98.0,95.0,99.0,43.9,6.2,24277.40157524429,,canneal,canneal,canneal
2024-05-17T10:20:09.298374,6.2,98.1,95.1,99.0,44.0,6.2,23955.290778429113,,canneal,canneal,canneal
2024-05-17T10:20:10.313490,13.2,98.0,96.0,98.1,40.0,6.1,23968.674917474636,,canneal,canneal,canneal
2024-05-17T10:20:11.328028,10.8,98.0,97.0,98.0,43.9,6.1,24638.055562338348,,canneal,canneal,canneal
2024-05-17T10:20:12.343305,10.6,98.0,95.9,99.0,39.9,6.1,23999.09779887391,,canneal,canneal,canneal
2024-05-17T10:20:13.356398,10.3,97.0,94.2,99.0,39.9,6.1,23951.330909644756,,canneal,canneal,canneal
2024-05-17T10:20:14.370216,31.5,97.1,93.9,97.0,119.8,6.1,35221.216866676834,,canneal,canneal,canneal
2024-05-17T10:20:15.419212,96.1,96.1,94.3,92.4,155.7,6.1,85898.74317424728,,canneal,canneal,canneal
2024-05-17T10:20:16.472871,81.7,77.5,90.6,88.5,155.8,6.1,86324.53819189416,,,canneal,canneal
2024-05-17T10:20:17.488688,81.4,77.1,89.1,86.0,159.8,6.0,85601.2488375855,,,canneal,canneal
2024-05-17T10:20:18.507946,83.7,79.0,91.1,88.2,167.7,6.1,85654.57380532291,,,canneal,canneal
2024-05-17T10:20:19.526578,85.6,82.7,91.0,88.3,171.7,6.1,85469.97586682471,,,canneal,canneal
2024-05-17T10:20:20.545293,86.4,83.5,86.3,93.0,171.8,6.1,85951.13745129094,,,canneal,canneal
2024-05-17T10:20:21.562524,81.4,76.3,86.1,91.1,155.8,6.1,86436.36022384407,,,canneal,canneal
2024-05-17T10:20:22.588670,82.4,76.8,89.2,90.1,167.7,6.1,85683.88613152671,,,canneal,canneal
2024-05-17T10:20:23.608908,85.9,79.6,90.0,89.4,167.7,6.1,86266.04919610366,,,canneal,canneal
2024-05-17T10:20:24.625313,78.2,76.3,85.1,90.0,159.7,6.1,82480.09675215957,,,canneal,canneal
2024-05-17T10:20:25.642319,81.4,77.1,91.2,91.3,159.8,6.1,79559.48635056741,,,canneal,canneal
2024-05-17T10:20:26.661238,80.6,74.5,87.0,91.3,151.8,6.1,80158.76592785692,,,canneal,canneal
2024-05-17T10:20:27.680728,81.0,78.2,93.1,88.3,155.8,6.1,79299.05406020232,,,canneal,canneal
2024-05-17T10:20:28.700381,72.6,73.2,83.0,87.9,143.8,6.1,79675.26528620711,,,canneal,canneal
2024-05-17T10:20:29.719307,73.4,71.6,88.2,88.0,155.8,6.1,79290.59694199575,,,canneal,canneal
2024-05-17T10:20:30.736100,76.6,72.5,90.9,88.1,147.8,6.1,79395.97421575084,,,canneal,canneal
2024-05-17T10:20:31.752275,75.5,71.1,87.1,84.8,147.9,6.1,79903.7848353187,,,canneal,canneal
2024-05-17T10:20:32.770657,77.6,72.3,83.0,92.2,151.9,6.1,79700.40413410238,,,canneal,canneal
2024-05-17T10:20:33.788017,77.2,71.6,88.1,87.1,147.8,6.1,79474.68867372742,,,canneal,canneal
2024-05-17T10:20:34.805712,49.4,45.7,87.9,84.2,143.8,6.1,62041.71297565663,,,canneal,canneal
2024-05-17T10:20:35.824371,32.9,32.4,84.0,85.9,103.8,6.1,51132.73282770829,,,canneal,canneal
2024-05-17T10:20:36.840645,32.4,31.1,84.5,88.9,99.8,6.1,50925.20495755615,,,canneal,canneal
2024-05-17T10:20:37.857000,36.4,33.3,81.4,88.9,103.8,6.1,50986.78025143848,,,canneal,canneal
2024-05-17T10:20:38.871899,31.5,27.1,89.1,81.6,99.8,6.1,50847.06066376625,,,canneal,canneal
2024-05-17T10:20:39.889889,32.9,32.1,90.0,80.2,95.8,6.1,50818.353578989976,,,canneal,canneal
2024-05-17T10:20:40.905141,34.2,29.2,85.7,86.9,95.9,6.1,51043.093654426004,,,canneal,canneal
2024-05-17T10:20:41.921072,35.1,30.1,87.1,83.8,91.9,6.1,50681.73128089743,,,canneal,canneal
2024-05-17T10:20:42.936035,35.5,33.8,83.8,85.0,99.9,6.1,51194.3614104076,,,canneal,canneal
2024-05-17T10:20:43.951446,29.2,28.4,84.8,85.7,91.9,6.1,50695.359510663475,,,canneal,canneal
2024-05-17T10:20:44.967278,66.3,59.8,89.1,85.1,139.8,6.1,71406.08325271106,,,canneal,canneal
2024-05-17T10:20:45.984538,71.9,69.2,88.1,90.1,143.7,6.1,76807.8819617869,,,canneal,canneal
2024-05-17T10:20:47.001437,68.8,67.7,88.1,87.9,139.8,6.1,76397.34811704533,,,canneal,canneal
2024-05-17T10:20:48.017851,69.9,71.1,82.2,92.2,139.8,6.1,76710.7243947779,,,canneal,canneal
2024-05-17T10:20:49.034332,70.2,66.7,88.0,84.8,139.8,6.1,76329.10207752166,,,canneal,canneal
2024-05-17T10:20:50.050564,71.0,68.1,84.0,91.3,139.8,6.1,76704.99966585574,,,canneal,canneal
2024-05-17T10:20:51.068766,73.2,71.3,88.0,89.1,155.7,6.1,76716.46229670996,,,canneal,canneal
2024-05-17T10:20:52.087875,55.6,76.3,77.1,96.1,151.7,6.1,76849.87080154567,,,canneal,canneal
2024-05-17T10:20:53.106872,61.9,54.7,46.4,100.0,143.7,6.1,77625.22094466393,,,canneal,canneal
2024-05-17T10:20:54.123771,56.4,54.5,54.5,100.0,143.8,6.0,77358.81870214769,,,canneal,canneal
2024-05-17T10:20:55.139853,10.9,6.8,11.1,100.0,55.9,6.0,25273.194768264704,,,canneal,canneal
2024-05-17T10:20:56.172614,8.3,10.0,3.5,100.0,40.0,6.0,22356.734732173845,,canneal,canneal,canneal
2024-05-17T10:20:57.207313,9.1,7.8,6.0,92.3,44.0,3.2,22672.55999911033,,,,
2024-05-17T10:20:58.539081,15.7,51.8,46.9,40.2,43.9,3.3,22090.864197776464,,ferret,ferret,ferret
2024-05-17T10:20:59.552110,7.5,96.0,100.0,96.0,39.9,3.5,22209.539266742522,,ferret,ferret,ferret
2024-05-17T10:21:00.565126,9.0,100.0,100.0,100.0,43.9,3.5,22124.240271142444,,ferret,ferret,ferret
2024-05-17T10:21:01.580586,11.8,100.0,100.0,100.0,39.9,3.5,22508.657678844807,,ferret,ferret,ferret
2024-05-17T10:21:02.593748,15.3,100.0,100.0,100.0,39.9,3.6,21995.999251781417,,ferret,ferret,ferret
2024-05-17T10:21:03.610916,13.7,100.0,100.0,100.0,39.9,3.6,22039.293317599313,,ferret,ferret,ferret
2024-05-17T10:21:04.623973,17.6,100.0,99.0,100.0,43.9,3.6,25583.36798689963,,ferret,ferret,ferret
2024-05-17T10:21:05.689415,26.4,100.0,100.0,100.0,47.9,3.6,28921.773627695307,,ferret,ferret,ferret
2024-05-17T10:21:06.702590,24.6,100.0,100.0,100.0,47.9,3.6,28966.167098823636,,ferret,ferret,ferret
2024-05-17T10:21:07.716351,17.6,100.0,100.0,100.0,55.9,3.6,29094.43658832671,,ferret,ferret,ferret
2024-05-17T10:21:08.728371,28.4,100.0,100.0,100.0,51.9,3.5,28989.358954797422,,ferret,ferret,ferret
2024-05-17T10:21:09.751343,23.6,100.0,100.0,100.0,48.0,3.6,28947.60069476472,,ferret,ferret,ferret
2024-05-17T10:21:10.764121,26.4,100.0,99.0,100.0,52.0,3.6,28895.19071784577,,ferret,ferret,ferret
2024-05-17T10:21:11.777487,21.5,100.0,100.0,100.0,48.0,3.5,28410.766234714363,,ferret,ferret,ferret
2024-05-17T10:21:12.791228,17.6,100.0,100.0,100.0,55.9,3.5,28890.53302593806,,ferret,ferret,ferret
2024-05-17T10:21:13.805472,23.1,100.0,100.0,100.0,47.9,3.6,29044.802445722184,,ferret,ferret,ferret
2024-05-17T10:21:14.819742,74.7,100.0,100.0,100.0,131.8,3.5,58961.272927991165,,ferret,ferret,ferret
2024-05-17T10:21:15.877894,74.7,71.9,100.0,100.0,139.8,3.6,77293.79192359709,,,ferret,ferret
2024-05-17T10:21:16.893184,76.0,71.9,100.0,100.0,139.8,3.6,77892.102524564,,,ferret,ferret
2024-05-17T10:21:17.908341,76.3,71.1,100.0,100.0,139.8,3.5,77858.23858555882,,,ferret,ferret
2024-05-17T10:21:18.923471,72.6,74.2,100.0,100.0,147.8,3.5,77250.63397058014,,,ferret,ferret
2024-05-17T10:21:19.938919,73.7,71.9,100.0,100.0,135.9,3.5,77593.25515610157,,,ferret,ferret
2024-05-17T10:21:20.954863,72.6,71.4,100.0,100.0,139.8,3.5,77286.1618018618,,,ferret,ferret
2024-05-17T10:21:21.970962,80.8,76.8,100.0,100.0,151.8,3.6,77916.709006177,,,ferret,ferret
2024-05-17T10:21:22.986417,77.4,77.3,100.0,99.0,151.9,3.5,77506.34366082885,,,ferret,ferret
2024-05-17T10:21:24.002812,77.3,76.8,100.0,100.0,151.8,3.5,77420.15177559231,,,ferret,ferret
2024-05-17T10:21:25.018893,21.5,18.0,100.0,100.0,107.8,3.5,25310.493966679205,,,ferret,ferret
2024-05-17T10:21:26.055314,7.6,99.0,100.0,99.0,24.0,3.5,13804.745729026534,,ferret,ferret,ferret
2024-05-17T10:21:27.096792,5.2,100.0,97.1,100.0,24.0,3.5,13947.006862386192,,ferret,ferret,ferret
2024-05-17T10:21:28.109815,12.5,100.0,100.0,100.0,28.0,3.5,14085.10577203632,,ferret,ferret,ferret
2024-05-17T10:21:29.123833,6.3,100.0,99.0,100.0,28.0,3.6,13983.960871949546,,ferret,ferret,ferret
2024-05-17T10:21:30.136394,6.4,100.0,100.0,100.0,28.0,3.6,14198.222128984751,,ferret,ferret,ferret
2024-05-17T10:21:31.149983,7.8,100.0,100.0,100.0,28.0,3.6,14002.037429058906,,ferret,ferret,ferret
2024-05-17T10:21:32.162921,13.4,100.0,100.0,100.0,28.0,3.6,13914.171904310006,,ferret,ferret,ferret
2024-05-17T10:21:33.177151,6.4,100.0,100.0,100.0,28.0,3.6,13901.264499187768,,ferret,ferret,ferret
2024-05-17T10:21:34.190461,9.0,100.0,100.0,100.0,28.0,3.6,14332.668946221995,,ferret,ferret,ferret
2024-05-17T10:21:35.204843,50.6,100.0,100.0,100.0,107.8,3.6,57037.76458649336,,ferret,ferret,ferret
2024-05-17T10:21:36.251498,51.2,38.0,100.0,100.0,99.9,3.5,56948.850926477455,,,ferret,ferret
2024-05-17T10:21:37.267710,43.6,47.1,100.0,100.0,103.8,3.5,57208.13736631797,,,ferret,ferret
2024-05-17T10:21:38.282941,52.3,46.8,100.0,99.0,107.8,3.6,57318.22835652335,,,ferret,ferret
2024-05-17T10:21:39.296971,44.2,42.9,100.0,99.0,103.9,3.6,56771.84418873135,,,ferret,ferret
2024-05-17T10:21:40.312879,51.2,46.7,99.0,100.0,107.8,3.5,56712.42135473933,,,ferret,ferret
2024-05-17T10:21:41.328556,43.6,44.3,99.0,100.0,103.8,3.5,57005.17466329475,,,ferret,ferret
2024-05-17T10:21:42.344321,47.4,49.4,100.0,100.0,107.8,3.5,57023.71119073849,,,ferret,ferret
2024-05-17T10:21:43.359004,48.2,42.9,100.0,99.0,103.9,3.6,56970.49962239911,,,ferret,ferret
2024-05-17T10:21:44.374173,47.6,46.8,99.0,100.0,107.9,3.5,58131.73480979704,,,ferret,ferret
2024-05-17T10:21:45.388529,60.7,55.7,100.0,99.0,119.8,3.5,63274.507029585024,,,ferret,ferret
2024-05-17T10:21:46.405394,60.0,58.6,100.0,100.0,119.8,3.5,62810.49620533331,,,ferret,ferret
2024-05-17T10:21:47.420376,54.2,53.0,100.0,100.0,111.8,3.6,62732.2046286458,,,ferret,ferret
2024-05-17T10:21:48.436303,54.8,53.8,100.0,100.0,119.8,3.6,62863.384347744635,,,ferret,ferret
2024-05-17T10:21:49.451995,57.1,54.1,100.0,99.0,119.8,3.5,62976.250605074776,,,ferret,ferret
2024-05-17T10:21:50.467246,62.6,58.1,100.0,100.0,123.8,3.5,63059.92965407841,,,ferret,ferret
2024-05-17T10:21:51.482230,62.4,59.1,100.0,100.0,123.8,3.6,63033.53539119167,,,ferret,ferret
2024-05-17T10:21:52.497888,55.4,53.1,99.0,100.0,115.8,3.5,63109.87997496262,,,ferret,ferret
2024-05-17T10:21:53.513101,56.0,50.0,100.0,100.0,115.9,3.5,62766.82399038575,,,ferret,ferret
2024-05-17T10:21:54.527415,41.8,39.3,100.0,100.0,115.8,3.5,44920.413399773875,,,ferret,ferret
2024-05-17T10:21:55.566667,6.0,98.1,99.0,99.0,20.0,3.6,10467.751649338334,,ferret,ferret,ferret
2024-05-17T10:21:56.613840,11.4,100.0,100.0,100.0,20.0,3.6,10414.527146634056,,ferret,ferret,ferret
2024-05-17T10:21:57.627019,6.3,100.0,100.0,100.0,24.0,3.6,10414.62350423062,,ferret,ferret,ferret
2024-05-17T10:21:58.641134,8.1,100.0,100.0,100.0,20.0,3.6,10349.193798806678,,ferret,ferret,ferret
2024-05-17T10:21:59.653625,6.0,99.0,100.0,100.0,20.0,3.6,10616.19447008195,,ferret,ferret,ferret
2024-05-17T10:22:00.666300,9.5,100.0,100.0,100.0,24.0,3.6,10645.605476061663,,ferret,ferret,ferret
2024-05-17T10:22:01.678765,10.3,100.0,100.0,100.0,20.0,3.6,10519.03476320978,,ferret,ferret,ferret
2024-05-17T10:22:02.713382,12.6,100.0,100.0,100.0,20.0,3.6,10423.071835136632,,ferret,ferret,ferret
2024-05-17T10:22:03.727608,9.3,100.0,100.0,100.0,20.0,3.6,10570.05312513086,,ferret,ferret,ferret
2024-05-17T10:22:04.741540,4.2,100.0,100.0,100.0,36.0,3.5,17030.429842617054,,ferret,ferret,ferret
2024-05-17T10:22:05.754662,7.7,100.0,100.0,100.0,39.9,3.5,22610.758754415525,,ferret,ferret,ferret
2024-05-17T10:22:06.767443,12.9,100.0,100.0,100.0,39.9,3.6,22481.870030332408,,ferret,ferret,ferret
2024-05-17T10:22:07.780180,14.5,100.0,100.0,100.0,44.0,3.6,22304.75782372467,,ferret,ferret,ferret
2024-05-17T10:22:08.793485,10.1,100.0,100.0,100.0,43.9,3.6,22123.59025620461,,ferret,ferret,ferret
2024-05-17T10:22:09.807344,11.6,100.0,100.0,99.0,39.9,3.6,22402.015887824175,,ferret,ferret,ferret
2024-05-17T10:22:10.820890,9.2,100.0,99.0,100.0,39.9,3.6,22218.42854598441,,ferret,ferret,ferret
2024-05-17T10:22:11.835755,11.5,100.0,100.0,100.0,43.9,3.6,22584.220122712555,,ferret,ferret,ferret
2024-05-17T10:22:12.850859,8.6,100.0,100.0,100.0,39.9,3.6,22272.373929962312,,ferret,ferret,ferret
2024-05-17T10:22:13.864574,10.1,100.0,100.0,100.0,39.9,3.5,22098.56913567711,,ferret,ferret,ferret
2024-05-17T10:22:14.878203,15.8,100.0,99.0,100.0,39.9,3.5,19342.48800532027,,ferret,ferret,ferret
2024-05-17T10:22:15.892194,5.8,100.0,100.0,100.0,35.9,3.5,18363.189184250572,,ferret,ferret,ferret
2024-05-17T10:22:16.904784,9.5,100.0,100.0,100.0,32.0,3.5,18015.74761592862,,ferret,ferret,ferret
2024-05-17T10:22:17.918718,9.6,100.0,100.0,100.0,35.9,3.4,18326.916680302184,,ferret,ferret,ferret
2024-05-17T10:22:18.932299,5.6,100.0,100.0,100.0,32.0,3.5,18322.77796004257,,ferret,ferret,ferret
2024-05-17T10:22:19.946339,8.3,100.0,99.0,100.0,32.0,3.5,18152.912685263746,,ferret,ferret,ferret
2024-05-17T10:22:20.959699,5.7,100.0,100.0,100.0,32.0,3.5,18444.980374066665,,ferret,ferret,ferret
2024-05-17T10:22:21.972325,11.0,100.0,100.0,100.0,32.0,3.5,18455.026976942438,,ferret,ferret,ferret
2024-05-17T10:22:22.985872,10.7,100.0,100.0,100.0,32.0,3.5,18181.820957290463,,ferret,ferret,ferret
2024-05-17T10:22:23.999109,8.2,100.0,100.0,100.0,32.0,3.5,18248.62806862101,,ferret,ferret,ferret
2024-05-17T10:22:25.012032,85.7,100.0,100.0,100.0,115.9,3.6,59928.319817251235,,ferret,ferret,ferret
2024-05-17T10:22:26.078964,69.8,65.6,100.0,100.0,131.8,3.5,71240.26784950965,,,ferret,ferret
2024-05-17T10:22:27.095303,69.6,64.8,100.0,100.0,131.8,3.5,70039.32189448776,,,ferret,ferret
2024-05-17T10:22:28.111644,67.8,64.7,100.0,100.0,127.8,3.5,70250.01794612528,,,ferret,ferret
2024-05-17T10:22:29.127882,66.3,62.5,100.0,100.0,131.8,3.5,70200.3415646485,,,ferret,ferret
2024-05-17T10:22:30.144557,68.2,61.6,100.0,99.0,131.9,3.5,70090.39827664681,,,ferret,ferret
2024-05-17T10:22:31.159937,63.2,59.8,100.0,100.0,123.9,3.5,69859.90067363447,,,ferret,ferret
2024-05-17T10:22:32.174474,71.6,68.7,100.0,100.0,127.8,3.5,70925.58574141018,,,ferret,ferret
2024-05-17T10:22:33.190867,68.5,62.4,100.0,100.0,135.9,3.5,70188.52631048426,,,ferret,ferret
2024-05-17T10:22:34.206054,66.7,58.1,100.0,100.0,127.8,3.5,69118.38086945255,,,ferret,ferret
2024-05-17T10:22:35.220534,5.9,8.6,100.0,100.0,71.9,3.5,33952.94275148959,,,ferret,ferret
2024-05-17T10:22:36.262337,47.5,99.1,100.0,100.0,59.9,3.5,34253.31492803934,,ferret,ferret,ferret
2024-05-17T10:22:37.274766,44.7,100.0,100.0,100.0,56.0,3.5,34200.63606154411,,ferret,ferret,ferret
2024-05-17T10:22:38.287466,48.1,100.0,99.0,100.0,59.9,3.5,34275.89477915942,,ferret,ferret,ferret
2024-05-17T10:22:39.300371,47.4,100.0,100.0,100.0,59.9,3.5,33915.5458402708,,ferret,ferret,ferret
2024-05-17T10:22:40.314145,45.3,100.0,100.0,100.0,55.9,3.5,34444.156388066716,,ferret,ferret,ferret
2024-05-17T10:22:41.327669,37.5,100.0,100.0,100.0,59.9,3.5,33997.56753422316,,ferret,ferret,ferret
2024-05-17T10:22:42.341551,46.1,100.0,100.0,99.0,56.0,3.5,34101.25913119713,,ferret,ferret,ferret
2024-05-17T10:22:43.356304,44.2,100.0,100.0,100.0,55.9,3.5,34234.30142911031,,ferret,ferret,ferret
2024-05-17T10:22:44.369163,56.6,100.0,100.0,100.0,75.9,3.5,37615.002774812434,,ferret,ferret,ferret
2024-05-17T10:22:45.382671,86.1,100.0,100.0,100.0,87.8,3.5,52620.22441293709,,ferret,ferret,ferret
2024-05-17T10:22:46.430871,37.3,37.7,100.0,100.0,95.9,3.5,52215.07876196061,,,ferret,ferret
2024-05-17T10:22:47.446278,33.8,36.0,100.0,100.0,95.9,3.5,52304.294235355956,,,ferret,ferret
2024-05-17T10:22:48.462806,33.8,33.3,99.0,100.0,91.9,3.5,52329.01902200194,,,ferret,ferret
2024-05-17T10:22:49.477630,36.0,37.3,100.0,100.0,99.9,3.5,52445.805490295585,,,ferret,ferret
2024-05-17T10:22:50.493698,39.5,40.5,100.0,100.0,95.9,3.5,52167.70406750345,,,ferret,ferret
2024-05-17T10:22:51.509949,37.5,41.6,100.0,98.0,103.9,3.5,52603.40322384189,,,ferret,ferret
2024-05-17T10:22:52.525663,48.1,38.9,100.0,100.0,99.9,3.5,52299.02292696756,,,ferret,ferret
2024-05-17T10:22:53.540481,31.9,32.9,100.0,100.0,95.9,3.5,51971.765247108706,,,ferret,ferret
2024-05-17T10:22:54.555321,54.1,52.4,100.0,98.1,143.8,3.5,63616.13483817418,,,ferret,ferret
2024-05-17T10:22:55.570616,77.6,73.3,100.0,100.0,151.7,3.5,82837.22073464104,,,ferret,ferret
2024-05-17T10:22:56.585952,80.0,76.3,100.0,100.0,147.8,3.5,83246.1139748126,,,ferret,ferret
2024-05-17T10:22:57.601513,85.4,81.4,100.0,100.0,167.7,3.5,83266.73835929728,,,ferret,ferret
2024-05-17T10:22:58.617771,80.8,76.0,100.0,100.0,151.8,3.5,83240.43196092572,,,ferret,ferret
2024-05-17T10:22:59.634295,79.6,79.2,100.0,100.0,155.9,3.4,83056.65348567802,,,ferret,ferret
2024-05-17T10:23:00.648885,76.0,77.4,100.0,100.0,147.8,3.5,82747.03873960194,,,ferret,ferret
2024-05-17T10:23:01.664175,81.4,78.6,100.0,100.0,163.8,3.5,82924.99930759151,,,ferret,ferret
2024-05-17T10:23:02.678330,80.2,78.1,100.0,100.0,147.9,3.4,82951.92646317302,,,ferret,ferret
2024-05-17T10:23:03.694235,77.6,76.3,100.0,100.0,147.8,3.5,82783.04855054246,,,ferret,ferret
2024-05-17T10:23:04.709191,86.5,83.3,100.0,100.0,171.7,3.5,88448.64498740596,,,ferret,ferret
2024-05-17T10:23:05.727542,96.1,94.1,100.0,100.0,187.7,3.5,94614.25144254594,,,ferret,ferret
2024-05-17T10:23:06.746605,92.3,92.2,100.0,100.0,183.7,3.5,94202.31679039141,,,ferret,ferret
2024-05-17T10:23:07.763704,87.8,87.6,100.0,100.0,171.9,3.5,94154.59837540616,,,ferret,ferret
2024-05-17T10:23:08.781862,87.4,88.0,100.0,100.0,171.7,3.5,94269.18219240046,,,ferret,ferret
2024-05-17T10:23:09.797198,90.1,89.0,100.0,100.0,183.8,3.5,93849.36890307281,,,ferret,ferret
2024-05-17T10:23:10.812082,90.3,88.3,100.0,100.0,171.9,3.5,93907.2563937133,,,ferret,ferret
2024-05-17T10:23:11.828898,92.4,91.1,100.0,100.0,179.7,3.5,94063.41842583007,,,ferret,ferret
2024-05-17T10:23:12.844354,90.0,88.8,100.0,100.0,179.8,3.5,94247.45762088905,,,ferret,ferret
2024-05-17T10:23:13.860457,90.2,84.7,100.0,100.0,171.7,3.5,94005.44764708863,,,ferret,ferret
2024-05-17T10:23:14.876326,80.8,78.8,100.0,100.0,167.7,3.5,83612.08665731379,,,ferret,ferret
2024-05-17T10:23:15.892105,75.8,74.5,100.0,100.0,151.8,3.5,78231.94897217635,,,ferret,ferret
2024-05-17T10:23:16.907025,74.5,72.0,100.0,100.0,139.8,3.5,77763.68704199095,,,ferret,ferret
2024-05-17T10:23:17.922651,75.5,72.4,100.0,100.0,143.8,3.5,78183.01996049006,,,ferret,ferret
2024-05-17T10:23:18.937735,75.8,72.0,100.0,100.0,143.8,3.4,77366.1033670408,,,ferret,ferret
2024-05-17T10:23:19.952934,74.0,71.6,99.0,100.0,139.9,3.5,78398.8628568031,,,ferret,ferret
2024-05-17T10:23:20.967874,75.5,74.2,100.0,100.0,151.8,3.5,78118.59819814832,,,ferret,ferret
2024-05-17T10:23:21.982449,72.3,71.3,100.0,100.0,135.9,3.5,77867.04032464267,,,ferret,ferret
2024-05-17T10:23:22.998553,75.0,70.5,100.0,100.0,139.9,3.4,77944.76634655532,,,ferret,ferret
2024-05-17T10:23:24.015926,74.7,72.3,100.0,100.0,139.8,3.5,77666.2344440049,,,ferret,ferret
2024-05-17T10:23:25.031223,60.2,52.4,100.0,100.0,127.8,3.5,66262.08489559065,,,ferret,ferret
2024-05-17T10:23:26.048138,59.6,54.1,100.0,100.0,115.8,3.5,64361.76828297767,,,ferret,ferret
2024-05-17T10:23:27.062966,59.0,60.7,100.0,100.0,123.8,3.5,64487.031002619115,,,ferret,ferret
2024-05-17T10:23:28.079068,58.1,52.5,100.0,100.0,115.8,3.5,63917.62691759205,,,ferret,ferret
2024-05-17T10:23:29.093906,58.1,57.1,100.0,100.0,127.8,3.5,64428.44433431894,,,ferret,ferret
2024-05-17T10:23:30.110436,60.0,54.9,100.0,100.0,119.8,3.5,64610.98790778306,,,ferret,ferret
2024-05-17T10:23:31.126470,53.8,54.9,99.0,100.0,115.8,3.5,63703.21472763811,,,ferret,ferret
2024-05-17T10:23:32.142687,58.1,57.3,100.0,100.0,115.9,3.5,64310.44391758208,,,ferret,ferret
2024-05-17T10:23:33.157546,60.7,58.1,100.0,100.0,123.8,3.5,63746.52434646914,,,ferret,ferret
2024-05-17T10:23:34.173158,62.8,56.3,100.0,100.0,123.8,3.5,64312.94863546792,,,ferret,ferret
2024-05-17T10:23:35.188741,11.8,16.7,100.0,99.0,75.9,3.5,40387.232440419546,,,ferret,ferret
2024-05-17T10:23:36.231767,60.7,99.0,100.0,100.0,63.9,3.5,40492.9345619484,,ferret,ferret,ferret
2024-05-17T10:23:37.245117,57.6,100.0,100.0,99.0,63.9,3.5,39812.248399426266,,ferret,ferret,ferret
2024-05-17T10:23:38.257939,59.5,100.0,99.0,100.0,63.9,3.5,39975.14594420642,,ferret,ferret,ferret
2024-05-17T10:23:39.270469,60.0,100.0,100.0,100.0,67.9,3.6,40370.80374090603,,ferret,ferret,ferret
2024-05-17T10:23:40.283728,61.4,100.0,100.0,100.0,63.9,3.5,40083.442733514,,ferret,ferret,ferret
2024-05-17T10:23:41.295733,60.2,100.0,100.0,100.0,64.0,3.6,40024.84387732836,,ferret,ferret,ferret
2024-05-17T10:23:42.308658,57.3,100.0,100.0,100.0,67.9,3.6,40183.52545476781,,ferret,ferret,ferret
2024-05-17T10:23:43.320786,62.6,100.0,100.0,100.0,67.9,3.5,40243.40661909812,,ferret,ferret,ferret
2024-05-17T10:23:44.333635,64.7,100.0,100.0,100.0,95.9,3.5,44823.26571007933,,ferret,ferret,ferret
2024-05-17T10:23:45.347951,95.9,100.0,100.0,100.0,119.8,3.5,72818.94956542079,,ferret,ferret,ferret
2024-05-17T10:23:46.409140,72.5,70.0,100.0,100.0,139.7,3.5,73183.80714226041,,,ferret,ferret
2024-05-17T10:23:47.426684,73.2,70.8,100.0,100.0,139.8,3.5,72530.40647178535,,,ferret,ferret
2024-05-17T10:23:48.440920,69.1,67.0,100.0,100.0,131.8,3.5,73587.30867261128,,,ferret,ferret
2024-05-17T10:23:49.458128,55.7,55.3,49.0,62.2,135.8,3.1,72849.56226728286,,,,
2024-05-17T10:23:50.856224,67.9,68.0,65.1,79.9,147.7,3.2,72550.00043309889,,,freqmine,freqmine
2024-05-17T10:23:51.874733,53.3,48.4,84.6,69.4,135.8,3.4,72952.11299728969,,,freqmine,freqmine
2024-05-17T10:23:52.892980,50.5,53.6,100.0,47.4,127.9,3.7,72883.01025325868,,,freqmine,freqmine
2024-05-17T10:23:53.909788,65.7,58.7,98.0,85.9,140.0,5.0,72470.79857341244,,,freqmine,freqmine
2024-05-17T10:23:54.928041,25.9,22.2,97.1,100.0,131.8,4.4,37121.53787340988,,,freqmine,freqmine
2024-05-17T10:23:55.965246,14.5,100.0,100.0,100.0,40.0,4.3,23764.976729983257,,freqmine,freqmine,freqmine
2024-05-17T10:23:57.010939,13.0,100.0,100.0,100.0,39.9,4.4,23963.599178318822,,freqmine,freqmine,freqmine
2024-05-17T10:23:58.023351,14.7,100.0,100.0,100.0,39.9,4.4,23869.567700830805,,freqmine,freqmine,freqmine
2024-05-17T10:23:59.037199,6.9,78.9,99.0,85.9,43.9,4.4,24220.895382125695,,freqmine,freqmine,freqmine
2024-05-17T10:24:00.050658,9.0,100.0,100.0,100.0,39.9,4.5,23846.983723060934,,freqmine,freqmine,freqmine
2024-05-17T10:24:01.063711,15.9,100.0,100.0,100.0,39.9,4.6,24345.835331441045,,freqmine,freqmine,freqmine
2024-05-17T10:24:02.077004,19.7,100.0,100.0,100.0,39.9,4.5,24043.81081132179,,freqmine,freqmine,freqmine
2024-05-17T10:24:03.093182,14.9,100.0,100.0,100.0,36.0,4.5,23894.681988295033,,freqmine,freqmine,freqmine
2024-05-17T10:24:04.105816,4.8,100.0,100.0,100.0,39.9,4.5,24196.815609072764,,freqmine,freqmine,freqmine
2024-05-17T10:24:05.118834,8.9,100.0,100.0,100.0,28.0,4.5,15253.989941751035,,freqmine,freqmine,freqmine
2024-05-17T10:24:06.131790,9.9,100.0,100.0,100.0,24.0,4.6,14530.819557017328,,freqmine,freqmine,freqmine
2024-05-17T10:24:07.146170,6.3,100.0,100.0,100.0,24.0,4.6,14212.509525104178,,freqmine,freqmine,freqmine
2024-05-17T10:24:08.158985,8.9,100.0,100.0,100.0,28.0,4.7,14688.43936251844,,freqmine,freqmine,freqmine
2024-05-17T10:24:09.172100,8.8,100.0,100.0,100.0,24.0,4.7,14695.64419750675,,freqmine,freqmine,freqmine
2024-05-17T10:24:10.185393,8.9,100.0,100.0,100.0,28.0,4.7,14623.079765355817,,freqmine,freqmine,freqmine
2024-05-17T10:24:11.198931,5.2,100.0,100.0,100.0,28.0,4.7,14698.991038504564,,freqmine,freqmine,freqmine
2024-05-17T10:24:12.216421,11.2,100.0,100.0,100.0,28.0,4.8,14527.92453547073,,freqmine,freqmine,freqmine
2024-05-17T10:24:13.230359,5.1,100.0,100.0,100.0,28.0,4.7,14475.62530853736,,freqmine,freqmine,freqmine
2024-05-17T10:24:14.243747,8.9,100.0,100.0,100.0,28.0,4.8,14816.360175214106,,freqmine,freqmine,freqmine
2024-05-17T10:24:15.257792,7.2,100.0,100.0,100.0,32.0,4.8,20559.82056525859,,freqmine,freqmine,freqmine
2024-05-17T10:24:16.271767,12.3,100.0,100.0,100.0,36.0,4.7,20998.69715856748,,freqmine,freqmine,freqmine
2024-05-17T10:24:17.287002,9.9,100.0,100.0,100.0,35.9,4.8,21145.345726559655,,freqmine,freqmine,freqmine
2024-05-17T10:24:18.300212,12.7,100.0,100.0,100.0,36.0,4.7,21132.246611225935,,freqmine,freqmine,freqmine
2024-05-17T10:24:19.313202,7.1,100.0,100.0,100.0,32.0,4.7,20680.50224914074,,freqmine,freqmine,freqmine
2024-05-17T10:24:20.327050,10.0,100.0,100.0,100.0,35.9,4.8,21056.48396396439,,freqmine,freqmine,freqmine
2024-05-17T10:24:21.341993,11.0,100.0,100.0,100.0,35.9,4.8,20572.30395537517,,freqmine,freqmine,freqmine
2024-05-17T10:24:22.357125,11.4,100.0,100.0,100.0,36.0,4.9,21071.97866564756,,freqmine,freqmine,freqmine
2024-05-17T10:24:23.371140,8.6,100.0,100.0,100.0,35.9,5.0,20962.451746237337,,freqmine,freqmine,freqmine
2024-05-17T10:24:24.384221,33.8,100.0,100.0,100.0,91.9,5.0,30843.04567934649,,freqmine,freqmine,freqmine
2024-05-17T10:24:25.448032,99.0,100.0,100.0,100.0,115.9,4.9,72292.13025224963,,freqmine,freqmine,freqmine
2024-05-17T10:24:26.507802,73.3,73.1,100.0,100.0,143.8,4.9,71991.70134676753,,,freqmine,freqmine
2024-05-17T10:24:27.523064,65.6,62.1,100.0,100.0,131.8,4.9,71815.75712896661,,,freqmine,freqmine
2024-05-17T10:24:28.539854,66.7,63.3,100.0,100.0,123.9,4.9,72228.02734173651,,,freqmine,freqmine
2024-05-17T10:24:29.554967,72.2,63.0,100.0,100.0,135.8,4.8,72091.51315805779,,,freqmine,freqmine
2024-05-17T10:24:30.571536,67.0,59.1,100.0,100.0,123.9,4.9,71599.78393233567,,,freqmine,freqmine
2024-05-17T10:24:31.590143,64.4,60.2,100.0,100.0,123.9,4.9,71921.55525814311,,,freqmine,freqmine
2024-05-17T10:24:32.604572,63.6,63.3,100.0,100.0,127.9,4.9,71522.7141314302,,,freqmine,freqmine
2024-05-17T10:24:33.619738,65.2,60.7,100.0,100.0,123.8,4.9,71786.30318834078,,,freqmine,freqmine
2024-05-17T10:24:34.636609,36.7,32.2,100.0,100.0,123.8,4.9,43577.2390486695,,,freqmine,freqmine
2024-05-17T10:24:35.672722,6.7,100.0,100.0,100.0,16.0,5.0,8698.43497519189,,freqmine,freqmine,freqmine
2024-05-17T10:24:36.710878,4.5,100.0,100.0,100.0,16.0,5.0,8754.532936807798,,freqmine,freqmine,freqmine
2024-05-17T10:24:37.724246,7.0,100.0,100.0,100.0,16.0,5.0,8600.902578558504,,freqmine,freqmine,freqmine
2024-05-17T10:24:38.738559,6.8,100.0,100.0,100.0,16.0,5.0,9071.60505935315,,freqmine,freqmine,freqmine
2024-05-17T10:24:39.752742,7.1,100.0,100.0,100.0,20.0,5.0,8844.88604931743,,freqmine,freqmine,freqmine
2024-05-17T10:24:40.765855,8.0,100.0,100.0,100.0,20.0,5.1,9006.620053376011,,freqmine,freqmine,freqmine
2024-05-17T10:24:41.780450,3.5,100.0,100.0,100.0,16.0,5.1,8845.86215676751,,freqmine,freqmine,freqmine
2024-05-17T10:24:42.793703,8.0,100.0,100.0,100.0,20.0,5.1,8991.48796947485,,freqmine,freqmine,freqmine
2024-05-17T10:24:43.807619,6.9,100.0,100.0,100.0,20.0,5.1,8834.659493424935,,freqmine,freqmine,freqmine
2024-05-17T10:24:44.821966,68.4,100.0,100.0,100.0,127.8,5.0,51783.075740556924,,freqmine,freqmine,freqmine
2024-05-17T10:24:45.886557,76.2,70.7,100.0,100.0,139.7,5.1,77619.73889857472,,,freqmine,freqmine
2024-05-17T10:24:46.900836,70.7,69.9,100.0,100.0,139.8,5.1,77677.76478543738,,,freqmine,freqmine
2024-05-17T10:24:47.917638,78.2,72.6,100.0,100.0,143.8,5.1,77819.12513878905,,,freqmine,freqmine
2024-05-17T10:24:48.935347,73.4,68.5,100.0,100.0,135.8,5.1,77928.23095850454,,,freqmine,freqmine
2024-05-17T10:24:49.952525,78.0,72.3,100.0,100.0,143.8,5.1,77407.91514647531,,,freqmine,freqmine
2024-05-17T10:24:50.970227,73.2,72.0,100.0,100.0,147.8,5.1,77471.43081137187,,,freqmine,freqmine
2024-05-17T10:24:51.986859,72.5,69.1,100.0,100.0,135.8,5.1,77874.43457882086,,,freqmine,freqmine
2024-05-17T10:24:53.001880,72.2,71.7,100.0,100.0,135.8,5.1,77620.36190392515,,,freqmine,freqmine
2024-05-17T10:24:54.018218,72.0,67.8,100.0,100.0,143.8,5.1,77426.50253552583,,,freqmine,freqmine
2024-05-17T10:24:55.033302,68.0,62.8,100.0,100.0,131.8,5.1,73094.09675781439,,,freqmine,freqmine
2024-05-17T10:24:56.049795,66.3,59.6,100.0,100.0,123.8,5.1,72260.16370574907,,,freqmine,freqmine
2024-05-17T10:24:57.064486,66.7,62.5,100.0,100.0,127.8,5.1,72215.15881023806,,,freqmine,freqmine
2024-05-17T10:24:58.079267,66.7,63.3,100.0,100.0,127.8,5.1,72866.71144263605,,,freqmine,freqmine
2024-05-17T10:24:59.095834,67.7,64.9,100.0,100.0,131.8,5.0,71969.54194902001,,,freqmine,freqmine
2024-05-17T10:25:00.110564,66.7,63.0,100.0,100.0,127.9,5.1,72356.73229474945,,,freqmine,freqmine
2024-05-17T10:25:01.127371,69.1,64.4,100.0,100.0,131.8,5.1,72479.69230816052,,,freqmine,freqmine
2024-05-17T10:25:02.141924,66.3,60.9,100.0,100.0,127.8,5.1,72303.68540855138,,,freqmine,freqmine
2024-05-17T10:25:03.156381,70.5,65.9,100.0,100.0,131.9,5.1,72549.3435090184,,,freqmine,freqmine
2024-05-17T10:25:04.171770,73.4,67.0,100.0,100.0,139.8,5.1,72647.85708106942,,,freqmine,freqmine
2024-05-17T10:25:05.186459,74.0,71.3,100.0,100.0,143.8,5.2,74975.36065420849,,,freqmine,freqmine
2024-05-17T10:25:06.200720,69.9,67.0,100.0,100.0,135.9,5.1,75048.62713642599,,,freqmine,freqmine
2024-05-17T10:25:07.217843,69.9,68.1,100.0,100.0,135.8,5.1,74794.89657431861,,,freqmine,freqmine
2024-05-17T10:25:08.232518,72.6,69.1,100.0,100.0,143.8,5.1,75528.42599381114,,,freqmine,freqmine
2024-05-17T10:25:09.247242,73.4,68.8,100.0,100.0,139.8,5.2,74836.22054819611,,,freqmine,freqmine
2024-05-17T10:25:10.262979,69.8,68.8,100.0,100.0,135.8,5.1,75328.86424545411,,,freqmine,freqmine
2024-05-17T10:25:11.277753,69.2,66.3,100.0,100.0,131.8,5.1,75239.09940829754,,,freqmine,freqmine
2024-05-17T10:25:12.293794,74.0,67.4,100.0,100.0,143.8,5.2,74500.73718014822,,,freqmine,freqmine
2024-05-17T10:25:13.309740,73.3,70.1,100.0,100.0,143.8,5.1,75982.24342987894,,,freqmine,freqmine
2024-05-17T10:25:14.327194,57.8,57.8,100.0,100.0,131.8,5.1,66469.51660585732,,,freqmine,freqmine
2024-05-17T10:25:15.339692,16.3,4.8,100.0,100.0,28.0,5.1,15808.574566588439,,,freqmine,freqmine
2024-05-17T10:25:16.375421,9.9,98.1,100.0,100.0,28.0,5.1,15636.119131583688,,freqmine,freqmine,freqmine
2024-05-17T10:25:17.388138,6.7,100.0,100.0,100.0,28.0,5.1,15889.608877933573,,freqmine,freqmine,freqmine
2024-05-17T10:25:18.401498,6.7,100.0,100.0,100.0,28.0,5.2,15819.97841871023,,freqmine,freqmine,freqmine
2024-05-17T10:25:19.414484,7.8,100.0,100.0,100.0,28.0,5.2,15746.43769631055,,freqmine,freqmine,freqmine
2024-05-17T10:25:20.428565,9.1,100.0,100.0,100.0,31.9,5.2,15797.31764779914,,freqmine,freqmine,freqmine
2024-05-17T10:25:21.443664,5.3,100.0,100.0,100.0,28.0,5.2,15652.988160275661,,freqmine,freqmine,freqmine
2024-05-17T10:25:22.456292,10.4,100.0,100.0,100.0,28.0,5.2,15709.982226774722,,freqmine,freqmine,freqmine
2024-05-17T10:25:23.469537,5.3,100.0,100.0,100.0,28.0,5.2,15445.140970850902,,freqmine,freqmine,freqmine
2024-05-17T10:25:24.483007,40.0,100.0,100.0,100.0,103.9,5.2,31284.233498362824,,freqmine,freqmine,freqmine
2024-05-17T10:25:25.551525,97.1,100.0,100.0,100.0,107.9,5.2,68837.78362307498,,freqmine,freqmine,freqmine
2024-05-17T10:25:26.607291,62.2,63.2,100.0,100.0,119.9,5.2,68847.78883345595,,,freqmine,freqmine
2024-05-17T10:25:27.623260,67.4,64.5,100.0,100.0,127.8,5.2,69343.12919143663,,,freqmine,freqmine
2024-05-17T10:25:28.639389,64.8,58.1,100.0,100.0,127.8,5.1,68984.86148186328,,,freqmine,freqmine
2024-05-17T10:25:29.654449,60.7,55.4,100.0,100.0,119.8,5.2,68663.69290928204,,,freqmine,freqmine
2024-05-17T10:25:30.670253,62.2,56.0,100.0,100.0,123.8,5.2,69039.5815458812,,,freqmine,freqmine
2024-05-17T10:25:31.684600,61.8,60.0,100.0,100.0,123.8,5.2,68907.09932002235,,,freqmine,freqmine
2024-05-17T10:25:32.703879,68.5,64.1,100.0,100.0,131.8,5.2,68299.70689317407,,,freqmine,freqmine
2024-05-17T10:25:33.720615,67.0,62.1,100.0,100.0,127.8,5.2,68557.93342696042,,,freqmine,freqmine
2024-05-17T10:25:34.736031,43.0,33.8,100.0,100.0,115.8,5.2,56400.70327106832,,,freqmine,freqmine
2024-05-17T10:25:35.750416,15.4,16.7,100.0,100.0,83.9,5.3,46788.91319000968,,,freqmine,freqmine
2024-05-17T10:25:36.790909,72.5,100.0,100.0,100.0,71.9,5.2,46871.43933095452,,freqmine,freqmine,freqmine
2024-05-17T10:25:37.805768,73.5,100.0,100.0,100.0,71.9,5.2,46310.00547576886,,freqmine,freqmine,freqmine
2024-05-17T10:25:38.820543,70.8,100.0,100.0,100.0,71.9,5.3,46372.83758721519,,freqmine,freqmine,freqmine
2024-05-17T10:25:39.833149,72.0,100.0,100.0,100.0,71.9,5.3,46428.7062907608,,freqmine,freqmine,freqmine
2024-05-17T10:25:40.846437,74.2,100.0,100.0,100.0,75.9,5.3,46509.01599010734,,freqmine,freqmine,freqmine
2024-05-17T10:25:41.860008,72.9,100.0,100.0,100.0,71.9,5.3,46427.945351289956,,freqmine,freqmine,freqmine
2024-05-17T10:25:42.873171,75.0,100.0,100.0,100.0,76.0,5.2,46245.32299361891,,freqmine,freqmine,freqmine
2024-05-17T10:25:43.886485,74.2,100.0,100.0,100.0,71.9,5.2,46872.70160729886,,freqmine,freqmine,freqmine
2024-05-17T10:25:44.900581,92.2,100.0,100.0,100.0,123.8,5.3,67559.25307280198,,freqmine,freqmine,freqmine
2024-05-17T10:25:45.955085,79.0,71.9,100.0,100.0,159.7,5.3,81008.2083046968,,,freqmine,freqmine
2024-05-17T10:25:46.969620,74.5,70.2,100.0,100.0,139.8,5.2,78591.20780991483,,,freqmine,freqmine
2024-05-17T10:25:47.986463,71.9,74.2,100.0,100.0,139.8,5.2,79535.12990265354,,,freqmine,freqmine
2024-05-17T10:25:49.001668,77.0,72.8,100.0,100.0,147.9,5.3,79219.1189035387,,,freqmine,freqmine
2024-05-17T10:25:50.018602,75.0,73.4,100.0,100.0,143.8,5.2,79005.56572631544,,,freqmine,freqmine
2024-05-17T10:25:51.034642,76.2,67.7,100.0,100.0,135.9,5.2,78360.73526841897,,,freqmine,freqmine
2024-05-17T10:25:52.049677,76.3,72.2,100.0,100.0,151.8,5.2,79763.7321392778,,,freqmine,freqmine
2024-05-17T10:25:53.066203,76.0,74.5,100.0,100.0,147.8,5.2,79113.11058083756,,,freqmine,freqmine
2024-05-17T10:25:54.082654,73.7,68.5,100.0,100.0,139.8,5.3,79202.35507142449,,,freqmine,freqmine
2024-05-17T10:25:55.099253,18.6,14.5,100.0,100.0,87.9,5.3,44315.587796631065,,,freqmine,freqmine
2024-05-17T10:25:56.140673,61.1,100.0,100.0,100.0,63.9,5.3,40522.23285361504,,freqmine,freqmine,freqmine
2024-05-17T10:25:57.154628,58.1,100.0,100.0,100.0,64.0,5.3,40421.98332662423,,freqmine,freqmine,freqmine
2024-05-17T10:25:58.168576,61.8,100.0,100.0,100.0,67.9,5.2,40747.622964050766,,freqmine,freqmine,freqmine
2024-05-17T10:25:59.182538,57.6,100.0,100.0,100.0,64.0,5.3,40683.15813214025,,freqmine,freqmine,freqmine
2024-05-17T10:26:00.196540,62.2,100.0,100.0,100.0,63.9,5.3,40622.546330286896,,freqmine,freqmine,freqmine
2024-05-17T10:26:01.211360,56.3,100.0,100.0,100.0,59.9,5.3,40510.55187599917,,freqmine,freqmine,freqmine
2024-05-17T10:26:02.227408,58.1,99.0,100.0,100.0,63.9,5.3,40478.22379778209,,freqmine,freqmine,freqmine
2024-05-17T10:26:03.241014,62.6,100.0,100.0,100.0,63.9,5.3,40684.96169748591,,freqmine,freqmine,freqmine
2024-05-17T10:26:04.254312,59.8,100.0,100.0,100.0,64.0,5.3,40627.75171885219,,freqmine,freqmine,freqmine
2024-05-17T10:26:05.270748,46.1,100.0,100.0,100.0,55.9,5.3,36504.99447916652,,freqmine,freqmine,freqmine
2024-05-17T10:26:06.284307,50.6,100.0,100.0,100.0,59.9,5.3,36515.635408659575,,freqmine,freqmine,freqmine
2024-05-17T10:26:07.297637,49.4,100.0,100.0,100.0,59.9,5.3,36969.62438221251,,freqmine,freqmine,freqmine
2024-05-17T10:26:08.311051,48.1,100.0,100.0,100.0,63.9,5.3,36923.21749898307,,freqmine,freqmine,freqmine
2024-05-17T10:26:09.324095,47.5,100.0,100.0,100.0,63.9,5.4,36674.331956526374,,freqmine,freqmine,freqmine
2024-05-17T10:26:10.337901,50.6,100.0,100.0,100.0,59.9,5.3,37035.43096881836,,freqmine,freqmine,freqmine
2024-05-17T10:26:11.351054,45.3,100.0,100.0,100.0,59.9,5.3,36399.773333937046,,freqmine,freqmine,freqmine
2024-05-17T10:26:12.364174,46.7,100.0,100.0,100.0,59.9,5.3,36624.29737793139,,freqmine,freqmine,freqmine
2024-05-17T10:26:13.378837,47.4,100.0,100.0,100.0,56.0,5.4,36250.04775913145,,freqmine,freqmine,freqmine
2024-05-17T10:26:14.391531,43.6,100.0,100.0,100.0,55.9,5.3,34282.99200677735,,freqmine,freqmine,freqmine
2024-05-17T10:26:15.405196,23.9,100.0,100.0,100.0,43.9,5.4,25392.502130314188,,freqmine,freqmine,freqmine
2024-05-17T10:26:16.418968,9.4,100.0,100.0,100.0,43.9,5.4,25247.180939002883,,freqmine,freqmine,freqmine
2024-05-17T10:26:17.431730,9.4,100.0,100.0,100.0,40.0,5.4,25195.460051176335,,freqmine,freqmine,freqmine
2024-05-17T10:26:18.447211,13.4,100.0,100.0,100.0,39.9,5.3,25453.538925318644,,freqmine,freqmine,freqmine
2024-05-17T10:26:19.460731,12.3,100.0,100.0,100.0,43.9,5.4,25790.583374687983,,freqmine,freqmine,freqmine
2024-05-17T10:26:20.474869,13.4,100.0,100.0,100.0,43.9,5.3,25532.59192524066,,freqmine,freqmine,freqmine
2024-05-17T10:26:21.489553,12.1,100.0,100.0,100.0,39.9,5.4,25709.932489095478,,freqmine,freqmine,freqmine
2024-05-17T10:26:22.503791,13.4,100.0,100.0,100.0,43.9,5.4,25729.471772597448,,freqmine,freqmine,freqmine
2024-05-17T10:26:23.518378,7.9,100.0,100.0,100.0,40.0,5.3,25141.740192000347,,freqmine,freqmine,freqmine
2024-05-17T10:26:24.531735,15.7,100.0,100.0,100.0,43.9,5.3,16481.93542014563,,freqmine,freqmine,freqmine
2024-05-17T10:26:25.568325,20.3,100.0,100.0,100.0,0.0,5.3,-833.208796295533,,freqmine,freqmine,freqmine
2024-05-17T10:26:26.583672,14.4,100.0,100.0,100.0,0.0,5.3,-824.0928598336424,,freqmine,freqmine,freqmine
2024-05-17T10:26:27.596317,13.5,100.0,100.0,100.0,0.0,5.3,-805.3326374455505,,freqmine,freqmine,freqmine
2024-05-17T10:26:28.609422,16.5,100.0,100.0,100.0,0.0,5.4,-834.8642876982625,,freqmine,freqmine,freqmine
2024-05-17T10:26:29.622217,9.2,100.0,100.0,100.0,0.0,5.4,-830.924419040459,,freqmine,freqmine,freqmine
2024-05-17T10:26:30.636236,13.2,100.0,100.0,100.0,0.0,5.4,-825.0461686190341,,freqmine,freqmine,freqmine
2024-05-17T10:26:31.649695,11.7,100.0,100.0,100.0,0.0,5.4,-831.9181539760209,,freqmine,freqmine,freqmine
2024-05-17T10:26:32.662855,10.2,100.0,100.0,100.0,0.0,5.4,-828.9626727148328,,freqmine,freqmine,freqmine
2024-05-17T10:26:33.676912,8.3,100.0,100.0,100.0,0.0,5.4,-830.9440138134568,,freqmine,freqmine,freqmine
2024-05-17T10:26:34.690710,9.2,100.0,100.0,100.0,0.0,5.4,-832.9061768425435,,freqmine,freqmine,freqmine
2024-05-17T10:26:35.705611,9.3,100.0,100.0,100.0,4.0,5.4,-821.1368730774465,,freqmine,freqmine,freqmine
2024-05-17T10:26:36.719176,7.5,100.0,100.0,100.0,0.0,5.4,-825.0364830386279,,freqmine,freqmine,freqmine
2024-05-17T10:26:37.733072,10.9,100.0,100.0,100.0,0.0,5.4,-825.0435454087578,,freqmine,freqmine,freqmine
2024-05-17T10:26:38.746621,9.2,100.0,100.0,100.0,0.0,5.4,-828.9694685703439,,freqmine,freqmine,freqmine
2024-05-17T10:26:39.760681,12.3,100.0,100.0,100.0,0.0,5.4,-829.9612240932026,,freqmine,freqmine,freqmine
2024-05-17T10:26:40.774782,12.5,100.0,100.0,100.0,0.0,5.4,-827.9963065917516,,freqmine,freqmine,freqmine
2024-05-17T10:26:41.788131,8.4,100.0,100.0,100.0,0.0,5.4,-833.8836043771303,,freqmine,freqmine,freqmine
2024-05-17T10:26:42.802079,7.5,100.0,100.0,100.0,0.0,5.4,-832.9082129326642,,freqmine,freqmine,freqmine
2024-05-17T10:26:43.816479,10.1,100.0,100.0,100.0,0.0,5.4,-831.9318378880383,,freqmine,freqmine,freqmine
2024-05-17T10:26:44.830333,11.0,100.0,100.0,100.0,0.0,5.4,-826.0256854727297,,freqmine,freqmine,freqmine
2024-05-17T10:26:45.844101,10.0,100.0,100.0,100.0,0.0,5.4,-820.1252182229174,,freqmine,freqmine,freqmine
2024-05-17T10:26:46.858038,19.8,100.0,100.0,100.0,0.0,5.4,-825.0444198828988,,freqmine,freqmine,freqmine
2024-05-17T10:26:47.872309,15.0,100.0,100.0,100.0,0.0,5.4,-821.1210138866618,,freqmine,freqmine,freqmine
2024-05-17T10:26:48.885554,11.6,100.0,100.0,100.0,0.0,5.4,-833.8822920322116,,freqmine,freqmine,freqmine
2024-05-17T10:26:49.898147,12.6,100.0,100.0,100.0,0.0,5.4,-826.9842375714215,,freqmine,freqmine,freqmine
2024-05-17T10:26:50.912189,12.5,100.0,100.0,100.0,0.0,5.4,-839.7894643949948,,freqmine,freqmine,freqmine
2024-05-17T10:26:51.925017,9.3,100.0,100.0,100.0,0.0,5.4,-835.845090848208,,freqmine,freqmine,freqmine
2024-05-17T10:26:52.937828,7.5,100.0,100.0,100.0,0.0,5.4,-841.749198826953,,freqmine,freqmine,freqmine
2024-05-17T10:26:53.951661,10.1,100.0,100.0,100.0,0.0,5.4,-830.9405393797839,,freqmine,freqmine,freqmine
2024-05-17T10:26:54.965279,11.6,100.0,100.0,100.0,0.0,5.4,-834.8702623783105,,freqmine,freqmine,freqmine
2024-05-17T10:26:55.979312,9.4,100.0,100.0,100.0,0.0,5.4,-826.0293295672501,,freqmine,freqmine,freqmine
2024-05-17T10:26:56.993470,10.0,100.0,100.0,100.0,0.0,5.4,-818.1699434102912,,freqmine,freqmine,freqmine
2024-05-17T10:26:58.006814,10.4,100.0,100.0,100.0,0.0,5.4,-821.0976423650404,,freqmine,freqmine,freqmine
2024-05-17T10:26:59.020566,10.0,100.0,100.0,100.0,0.0,5.4,-830.9392826217527,,freqmine,freqmine,freqmine
2024-05-17T10:27:00.034360,9.2,100.0,100.0,100.0,0.0,5.4,-828.9737460597084,,freqmine,freqmine,freqmine
2024-05-17T10:27:01.049397,11.0,100.0,100.0,100.0,0.0,5.4,-821.1402940651845,,freqmine,freqmine,freqmine
2024-05-17T10:27:02.063077,11.9,88.9,90.9,88.0,0.0,3.1,-825.0389372550229,,,,
